id;sex;example.audio;example.video;answer;order;v_a
1;f;p;k;p;1;v
1;f;k;t;k;1;v
1;f;t;t;t;1;v
1;f;k;k;k;1;v
1;f;p;t;p;1;v
1;f;t;p;t;1;v
1;f;p;p;p;1;v
1;f;k;p;k;1;v
1;f;t;k;t;1;v
2;m;p;k;p;1;v
2;m;k;t;-;1;v
2;m;t;t;t;1;v
2;m;k;k;t;1;v
2;m;p;t;p;1;v
2;m;t;p;t;1;v
2;m;p;p;p;1;v
2;m;k;p;t;1;v
2;m;t;k;t;1;v
3;f;p;k;p;1;v
3;f;k;t;k;1;v
3;f;t;t;t;1;v
3;f;k;k;k;1;v
3;f;p;t;p;1;v
3;f;t;p;k;1;v
3;f;p;p;p;1;v
3;f;k;p;k;1;v
3;f;t;k;t;1;v
4;f;p;k;k;1;v
4;f;k;t;k;1;v
4;f;t;t;t;1;v
4;f;k;k;k;1;v
4;f;p;t;p;1;v
4;f;t;p;t;1;v
4;f;p;p;p;1;v
4;f;k;p;k;1;v
4;f;t;k;t;1;v
5;m;p;k;k;1;v
5;m;k;t;k;1;v
5;m;t;t;t;1;v
5;m;k;k;k;1;v
5;m;p;t;p;1;v
5;m;t;p;-;1;v
5;m;p;p;p;1;v
5;m;k;p;p;1;v
5;m;t;k;t;1;v
6;m;p;k;p;1;v
6;m;k;t;k;1;v
6;m;t;t;t;1;v
6;m;k;k;k;1;v
6;m;p;t;p;1;v
6;m;t;p;k;1;v
6;m;p;p;p;1;v
6;m;k;p;k;1;v
6;m;t;k;t;1;v
7;m;p;k;p;1;v
7;m;k;t;k;1;v
7;m;t;t;t;1;v
7;m;k;k;k;1;v
7;m;p;t;p;1;v
7;m;t;p;k;1;v
7;m;p;p;p;1;v
7;m;k;p;k;1;v
7;m;t;k;t;1;v
8;m;p;k;p;1;v
8;m;k;t;k;1;v
8;m;t;t;t;1;v
8;m;k;k;k;1;v
8;m;p;t;p;1;v
8;m;t;p;k;1;v
8;m;p;p;p;1;v
8;m;k;p;p;1;v
8;m;t;k;t;1;v
9;m;p;k;p;1;v
9;m;k;t;-;1;v
9;m;t;t;t;1;v
9;m;k;k;k;1;v
9;m;p;t;p;1;v
9;m;t;p;t;1;v
9;m;p;p;p;1;v
9;m;k;p;k;1;v
9;m;t;k;t;1;v
10;f;p;k;p;1;v
10;f;k;t;k;1;v
10;f;t;t;t;1;v
10;f;k;k;k;1;v
10;f;p;t;p;1;v
10;f;t;p;p;1;v
10;f;p;p;p;1;v
10;f;k;p;k;1;v
10;f;t;k;t;1;v
11;m;p;k;p;1;v
11;m;k;t;p;1;v
11;m;t;t;t;1;v
11;m;k;k;k;1;v
11;m;p;t;p;1;v
11;m;t;p;k;1;v
11;m;p;p;p;1;v
11;m;k;p;k;1;v
11;m;t;k;t;1;v
12;f;p;k;p;1;v
12;f;k;t;k;1;v
12;f;t;t;t;1;v
12;f;k;k;k;1;v
12;f;p;t;p;1;v
12;f;t;p;k;1;v
12;f;p;p;p;1;v
12;f;k;p;k;1;v
12;f;t;k;t;1;v
13;m;p;k;p;1;v
13;m;k;t;-;1;v
13;m;t;t;t;1;v
13;m;k;k;k;1;v
13;m;p;t;p;1;v
13;m;t;p;k;1;v
13;m;p;p;p;1;v
13;m;k;p;-;1;v
13;m;t;k;t;1;v
14;m;p;k;p;1;v
14;m;k;t;p;1;v
14;m;t;t;t;1;v
14;m;k;k;k;1;v
14;m;p;t;p;1;v
14;m;t;p;k;1;v
14;m;p;p;p;1;v
14;m;k;p;k;1;v
14;m;t;k;t;1;v
15;m;p;k;p;1;v
15;m;k;t;-;1;v
15;m;t;t;t;1;v
15;m;k;k;k;1;v
15;m;p;t;p;1;v
15;m;t;p;k;1;v
15;m;p;p;p;1;v
15;m;k;p;-;1;v
15;m;t;k;t;1;v
16;f;p;k;p;1;v
16;f;k;t;k;1;v
16;f;t;t;t;1;v
16;f;k;k;k;1;v
16;f;p;t;p;1;v
16;f;t;p;k;1;v
16;f;p;p;p;1;v
16;f;k;p;k;1;v
16;f;t;k;t;1;v
17;f;p;k;p;1;v
17;f;k;t;k;1;v
17;f;t;t;t;1;v
17;f;k;k;k;1;v
17;f;p;t;p;1;v
17;f;t;p;k;1;v
17;f;p;p;p;1;v
17;f;k;p;k;1;v
17;f;t;k;t;1;v
18;m;p;k;p;1;v
18;m;k;t;k;1;v
18;m;t;t;t;1;v
18;m;k;k;k;1;v
18;m;p;t;p;1;v
18;m;t;p;p;1;v
18;m;p;p;p;1;v
18;m;k;p;p;1;v
18;m;t;k;t;1;v
19;f;p;k;p;1;v
19;f;k;t;t;1;v
19;f;t;t;t;1;v
19;f;k;k;k;1;v
19;f;p;t;p;1;v
19;f;t;p;t;1;v
19;f;p;p;p;1;v
19;f;k;p;-;1;v
19;f;t;k;t;1;v
20;f;p;k;p;1;v
20;f;k;t;p;1;v
20;f;t;t;t;1;v
20;f;k;k;k;1;v
20;f;p;t;p;1;v
20;f;t;p;k;1;v
20;f;p;p;p;1;v
20;f;k;p;p;1;v
20;f;t;k;t;1;v
21;m;p;k;p;1;v
21;m;k;t;k;1;v
21;m;t;t;t;1;v
21;m;k;k;k;1;v
21;m;p;t;p;1;v
21;m;t;p;k;1;v
21;m;p;p;p;1;v
21;m;k;p;k;1;v
21;m;t;k;t;1;v
22;f;p;k;p;1;v
22;f;k;t;k;1;v
22;f;t;t;t;1;v
22;f;k;k;k;1;v
22;f;p;t;p;1;v
22;f;t;p;t;1;v
22;f;p;p;p;1;v
22;f;k;p;t;1;v
22;f;t;k;t;1;v
23;m;p;k;p;1;v
23;m;k;t;t;1;v
23;m;t;t;t;1;v
23;m;k;k;k;1;v
23;m;p;t;p;1;v
23;m;t;p;k;1;v
23;m;p;p;p;1;v
23;m;k;p;k;1;v
23;m;t;k;t;1;v
24;m;p;k;p;1;v
24;m;k;t;p;1;v
24;m;t;t;t;1;v
24;m;k;k;k;1;v
24;m;p;t;p;1;v
24;m;t;p;k;1;v
24;m;p;p;p;1;v
24;m;k;p;k;1;v
24;m;t;k;t;1;v
25;f;p;k;p;1;v
25;f;k;t;k;1;v
25;f;t;t;p;1;v
25;f;k;k;k;1;v
25;f;p;t;p;1;v
25;f;t;p;k;1;v
25;f;p;p;p;1;v
25;f;k;p;k;1;v
25;f;t;k;t;1;v
26;f;p;k;p;1;v
26;f;k;t;-;1;v
26;f;t;t;t;1;v
26;f;k;k;k;1;v
26;f;p;t;p;1;v
26;f;t;p;k;1;v
26;f;p;p;p;1;v
26;f;k;p;p;1;v
26;f;t;k;t;1;v
27;f;p;k;p;1;v
27;f;k;t;t;1;v
27;f;t;t;t;1;v
27;f;k;k;k;1;v
27;f;p;t;p;1;v
27;f;t;p;k;1;v
27;f;p;p;p;1;v
27;f;k;p;t;1;v
27;f;t;k;t;1;v
28;f;p;k;p;1;v
28;f;k;t;t;1;v
28;f;t;t;t;1;v
28;f;k;k;k;1;v
28;f;p;t;p;1;v
28;f;t;p;k;1;v
28;f;p;p;p;1;v
28;f;k;p;k;1;v
28;f;t;k;t;1;v
29;f;p;k;p;1;v
29;f;k;t;k;1;v
29;f;t;t;t;1;v
29;f;k;k;k;1;v
29;f;p;t;p;1;v
29;f;t;p;t;1;v
29;f;p;p;p;1;v
29;f;k;p;k;1;v
29;f;t;k;t;1;v
30;m;p;k;p;1;v
30;m;k;t;k;1;v
30;m;t;t;t;1;v
30;m;k;k;k;1;v
30;m;p;t;p;1;v
30;m;t;p;k;1;v
30;m;p;p;p;1;v
30;m;k;p;k;1;v
30;m;t;k;t;1;v
31;f;p;k;p;1;v
31;f;k;t;k;1;v
31;f;t;t;t;1;v
31;f;k;k;k;1;v
31;f;p;t;p;1;v
31;f;t;p;k;1;v
31;f;p;p;p;1;v
31;f;k;p;k;1;v
31;f;t;k;t;1;v
32;m;p;k;p;1;v
32;m;k;t;k;1;v
32;m;t;t;t;1;v
32;m;k;k;k;1;v
32;m;p;t;p;1;v
32;m;t;p;k;1;v
32;m;p;p;p;1;v
32;m;k;p;k;1;v
32;m;t;k;t;1;v
33;f;p;k;p;1;v
33;f;k;t;k;1;v
33;f;t;t;t;1;v
33;f;k;k;k;1;v
33;f;p;t;p;1;v
33;f;t;p;-;1;v
33;f;p;p;p;1;v
33;f;k;p;k;1;v
33;f;t;k;t;1;v
34;f;p;k;p;1;v
34;f;k;t;t;1;v
34;f;t;t;t;1;v
34;f;k;k;k;1;v
34;f;p;t;p;1;v
34;f;t;p;k;1;v
34;f;p;p;p;1;v
34;f;k;p;k;1;v
34;f;t;k;t;1;v
35;f;p;k;p;1;v
35;f;k;t;k;1;v
35;f;t;t;t;1;v
35;f;k;k;k;1;v
35;f;p;t;p;1;v
35;f;t;p;k;1;v
35;f;p;p;p;1;v
35;f;k;p;k;1;v
35;f;t;k;t;1;v
36;m;p;k;p;1;v
36;m;k;t;k;1;v
36;m;t;t;t;1;v
36;m;k;k;k;1;v
36;m;p;t;p;1;v
36;m;t;p;k;1;v
36;m;p;p;p;1;v
36;m;k;p;k;1;v
36;m;t;k;t;1;v
37;f;p;k;p;1;v
37;f;k;t;k;1;v
37;f;t;t;t;1;v
37;f;k;k;k;1;v
37;f;p;t;p;1;v
37;f;t;p;k;1;v
37;f;p;p;p;1;v
37;f;k;p;k;1;v
37;f;t;k;t;1;v
38;m;p;k;p;1;v
38;m;k;t;k;1;v
38;m;t;t;t;1;v
38;m;k;k;k;1;v
38;m;p;t;p;1;v
38;m;t;p;-;1;v
38;m;p;p;p;1;v
38;m;k;p;-;1;v
38;m;t;k;t;1;v
39;m;p;k;p;1;v
39;m;k;t;k;1;v
39;m;t;t;t;1;v
39;m;k;k;k;1;v
39;m;p;t;p;1;v
39;m;t;p;k;1;v
39;m;p;p;p;1;v
39;m;k;p;k;1;v
39;m;t;k;t;1;v
40;m;p;k;-;1;v
40;m;k;t;p;1;v
40;m;t;t;t;1;v
40;m;k;k;k;1;v
40;m;p;t;p;1;v
40;m;t;p;-;1;v
40;m;p;p;p;1;v
40;m;k;p;k;1;v
40;m;t;k;t;1;v
41;m;p;k;p;1;a
41;m;k;t;k;1;a
41;m;t;t;t;1;a
41;m;k;k;k;1;a
41;m;p;t;p;1;a
41;m;t;p;k;1;a
41;m;p;p;p;1;a
41;m;k;p;k;1;a
41;m;t;k;t;1;a
42;f;p;k;p;1;a
42;f;k;t;k;1;a
42;f;t;t;t;1;a
42;f;k;k;k;1;a
42;f;p;t;-;1;a
42;f;t;p;k;1;a
42;f;p;p;p;1;a
42;f;k;p;p;1;a
42;f;t;k;p;1;a
43;f;p;k;p;1;a
43;f;k;t;k;1;a
43;f;t;t;t;1;a
43;f;k;k;k;1;a
43;f;p;t;p;1;a
43;f;t;p;t;1;a
43;f;p;p;p;1;a
43;f;k;p;k;1;a
43;f;t;k;t;1;a
44;f;p;k;p;1;a
44;f;k;t;k;1;a
44;f;t;t;t;1;a
44;f;k;k;k;1;a
44;f;p;t;p;1;a
44;f;t;p;p;1;a
44;f;p;p;p;1;a
44;f;k;p;k;1;a
44;f;t;k;t;1;a
45;m;p;k;p;1;a
45;m;k;t;k;1;a
45;m;t;t;t;1;a
45;m;k;k;k;1;a
45;m;p;t;p;1;a
45;m;t;p;t;1;a
45;m;p;p;p;1;a
45;m;k;p;k;1;a
45;m;t;k;t;1;a
46;f;p;k;p;1;a
46;f;k;t;k;1;a
46;f;t;t;t;1;a
46;f;k;k;k;1;a
46;f;p;t;p;1;a
46;f;t;p;k;1;a
46;f;p;p;p;1;a
46;f;k;p;k;1;a
46;f;t;k;t;1;a
47;f;p;k;p;1;a
47;f;k;t;k;1;a
47;f;t;t;t;1;a
47;f;k;k;k;1;a
47;f;p;t;p;1;a
47;f;t;p;t;1;a
47;f;p;p;p;1;a
47;f;k;p;k;1;a
47;f;t;k;t;1;a
48;m;p;k;p;1;a
48;m;k;t;k;1;a
48;m;t;t;t;1;a
48;m;k;k;k;1;a
48;m;p;t;p;1;a
48;m;t;p;k;1;a
48;m;p;p;p;1;a
48;m;k;p;p;1;a
48;m;t;k;t;1;a
49;m;p;k;p;1;a
49;m;k;t;k;1;a
49;m;t;t;t;1;a
49;m;k;k;k;1;a
49;m;p;t;p;1;a
49;m;t;p;k;1;a
49;m;p;p;p;1;a
49;m;k;p;k;1;a
49;m;t;k;t;1;a
50;m;p;k;p;1;a
50;m;k;t;k;1;a
50;m;t;t;t;1;a
50;m;k;k;k;1;a
50;m;p;t;p;1;a
50;m;t;p;k;1;a
50;m;p;p;p;1;a
50;m;k;p;k;1;a
50;m;t;k;t;1;a
51;f;p;k;p;2;v
51;f;k;t;k;2;v
51;f;t;t;t;2;v
51;f;k;k;k;2;v
51;f;p;t;p;2;v
51;f;t;p;k;2;v
51;f;p;p;p;2;v
51;f;k;p;k;2;v
51;f;t;k;t;2;v
52;f;p;k;p;2;v
52;f;k;t;t;2;v
52;f;t;t;t;2;v
52;f;k;k;k;2;v
52;f;p;t;p;2;v
52;f;t;p;k;2;v
52;f;p;p;p;2;v
52;f;k;p;k;2;v
52;f;t;k;t;2;v
53;m;p;k;p;2;v
53;m;k;t;t;2;v
53;m;t;t;t;2;v
53;m;k;k;k;2;v
53;m;p;t;p;2;v
53;m;t;p;k;2;v
53;m;p;p;p;2;v
53;m;k;p;k;2;v
53;m;t;k;t;2;v
54;m;p;k;p;2;v
54;m;k;t;-;2;v
54;m;t;t;t;2;v
54;m;k;k;k;2;v
54;m;p;t;p;2;v
54;m;t;p;k;2;v
54;m;p;p;p;2;v
54;m;k;p;k;2;v
54;m;t;k;t;2;v
55;m;p;k;k;2;v
55;m;k;t;k;2;v
55;m;t;t;t;2;v
55;m;k;k;k;2;v
55;m;p;t;p;2;v
55;m;t;p;k;2;v
55;m;p;p;p;2;v
55;m;k;p;k;2;v
55;m;t;k;t;2;v
56;m;p;k;p;2;v
56;m;k;t;k;2;v
56;m;t;t;t;2;v
56;m;k;k;k;2;v
56;m;p;t;k;2;v
56;m;t;p;t;2;v
56;m;p;p;p;2;v
56;m;k;p;k;2;v
56;m;t;k;t;2;v
57;f;p;k;p;2;v
57;f;k;t;t;2;v
57;f;t;t;t;2;v
57;f;k;k;k;2;v
57;f;p;t;p;2;v
57;f;t;p;k;2;v
57;f;p;p;p;2;v
57;f;k;p;k;2;v
57;f;t;k;t;2;v
58;f;p;k;p;2;v
58;f;k;t;k;2;v
58;f;t;t;t;2;v
58;f;k;k;k;2;v
58;f;p;t;p;2;v
58;f;t;p;-;2;v
58;f;p;p;p;2;v
58;f;k;p;k;2;v
58;f;t;k;t;2;v
59;f;p;k;p;2;v
59;f;k;t;t;2;v
59;f;t;t;t;2;v
59;f;k;k;k;2;v
59;f;p;t;p;2;v
59;f;t;p;k;2;v
59;f;p;p;p;2;v
59;f;k;p;k;2;v
59;f;t;k;t;2;v
60;m;p;k;p;2;v
60;m;k;t;k;2;v
60;m;t;t;p;2;v
60;m;k;k;k;2;v
60;m;p;t;p;2;v
60;m;t;p;k;2;v
60;m;p;p;p;2;v
60;m;k;p;k;2;v
60;m;t;k;t;2;v
61;m;p;k;p;2;v
61;m;k;t;k;2;v
61;m;t;t;t;2;v
61;m;k;k;k;2;v
61;m;p;t;p;2;v
61;m;t;p;k;2;v
61;m;p;p;p;2;v
61;m;k;p;k;2;v
61;m;t;k;t;2;v
62;m;p;k;p;2;v
62;m;k;t;k;2;v
62;m;t;t;t;2;v
62;m;k;k;k;2;v
62;m;p;t;p;2;v
62;m;t;p;t;2;v
62;m;p;p;p;2;v
62;m;k;p;k;2;v
62;m;t;k;t;2;v
63;m;p;k;p;2;v
63;m;k;t;p;2;v
63;m;t;t;t;2;v
63;m;k;k;k;2;v
63;m;p;t;p;2;v
63;m;t;p;t;2;v
63;m;p;p;p;2;v
63;m;k;p;p;2;v
63;m;t;k;t;2;v
64;m;p;k;k;2;v
64;m;k;t;k;2;v
64;m;t;t;t;2;v
64;m;k;k;k;2;v
64;m;p;t;p;2;v
64;m;t;p;k;2;v
64;m;p;p;p;2;v
64;m;k;p;p;2;v
64;m;t;k;t;2;v
65;m;p;k;p;2;v
65;m;k;t;t;2;v
65;m;t;t;t;2;v
65;m;k;k;k;2;v
65;m;p;t;t;2;v
65;m;t;p;k;2;v
65;m;p;p;p;2;v
65;m;k;p;k;2;v
65;m;t;k;t;2;v
66;f;p;k;p;2;v
66;f;k;t;k;2;v
66;f;t;t;t;2;v
66;f;k;k;k;2;v
66;f;p;t;p;2;v
66;f;t;p;k;2;v
66;f;p;p;p;2;v
66;f;k;p;p;2;v
66;f;t;k;t;2;v
67;f;p;k;p;2;v
67;f;k;t;k;2;v
67;f;t;t;t;2;v
67;f;k;k;k;2;v
67;f;p;t;p;2;v
67;f;t;p;k;2;v
67;f;p;p;p;2;v
67;f;k;p;k;2;v
67;f;t;k;t;2;v
68;f;p;k;p;2;v
68;f;k;t;k;2;v
68;f;t;t;t;2;v
68;f;k;k;k;2;v
68;f;p;t;p;2;v
68;f;t;p;k;2;v
68;f;p;p;p;2;v
68;f;k;p;k;2;v
68;f;t;k;t;2;v
69;f;p;k;p;2;v
69;f;k;t;k;2;v
69;f;t;t;t;2;v
69;f;k;k;k;2;v
69;f;p;t;p;2;v
69;f;t;p;k;2;v
69;f;p;p;p;2;v
69;f;k;p;k;2;v
69;f;t;k;t;2;v
70;f;p;k;p;2;v
70;f;k;t;t;2;v
70;f;t;t;t;2;v
70;f;k;k;k;2;v
70;f;p;t;p;2;v
70;f;t;p;k;2;v
70;f;p;p;p;2;v
70;f;k;p;k;2;v
70;f;t;k;t;2;v
71;f;p;k;p;2;v
71;f;k;t;k;2;v
71;f;t;t;t;2;v
71;f;k;k;k;2;v
71;f;p;t;p;2;v
71;f;t;p;k;2;v
71;f;p;p;p;2;v
71;f;k;p;k;2;v
71;f;t;k;t;2;v
72;m;p;k;-;2;v
72;m;k;t;k;2;v
72;m;t;t;t;2;v
72;m;k;k;k;2;v
72;m;p;t;p;2;v
72;m;t;p;-;2;v
72;m;p;p;p;2;v
72;m;k;p;k;2;v
72;m;t;k;t;2;v
73;m;p;k;p;2;v
73;m;k;t;-;2;v
73;m;t;t;t;2;v
73;m;k;k;k;2;v
73;m;p;t;p;2;v
73;m;t;p;k;2;v
73;m;p;p;p;2;v
73;m;k;p;k;2;v
73;m;t;k;t;2;v
74;m;p;k;p;2;v
74;m;k;t;k;2;v
74;m;t;t;t;2;v
74;m;k;k;k;2;v
74;m;p;t;p;2;v
74;m;t;p;k;2;v
74;m;p;p;p;2;v
74;m;k;p;k;2;v
74;m;t;k;t;2;v
75;m;p;k;p;2;v
75;m;k;t;k;2;v
75;m;t;t;t;2;v
75;m;k;k;k;2;v
75;m;p;t;p;2;v
75;m;t;p;t;2;v
75;m;p;p;p;2;v
75;m;k;p;k;2;v
75;m;t;k;t;2;v
76;f;p;k;p;2;v
76;f;k;t;k;2;v
76;f;t;t;t;2;v
76;f;k;k;k;2;v
76;f;p;t;p;2;v
76;f;t;p;k;2;v
76;f;p;p;p;2;v
76;f;k;p;k;2;v
76;f;t;k;t;2;v
77;m;p;k;k;2;v
77;m;k;t;k;2;v
77;m;t;t;t; ;v
77;m;k;k;k;2;v
77;m;p;t;t;2;v
77;m;t;p;k;2;v
77;m;p;p;p;2;v
77;m;k;p;p;2;v
77;m;t;k;t;2;v
78;m;p;k;p;2;v
78;m;k;t;-;2;v
78;m;t;t;t;2;v
78;m;k;k;k;2;v
78;m;p;t;p;2;v
78;m;t;p;k;2;v
78;m;p;p;p;2;v
78;m;k;p;k;2;v
78;m;t;k;t;2;v
79;m;p;k;p;2;v
79;m;k;t;k;2;v
79;m;t;t;t;2;v
79;m;k;k;k;2;v
79;m;p;t;p;2;v
79;m;t;p;k;2;v
79;m;p;p;p;2;v
79;m;k;p;k;2;v
79;m;t;k;t;2;v
80;m;p;k;p;2;v
80;m;k;t;k;2;v
80;m;t;t;t;2;v
80;m;k;k;k;2;v
80;m;p;t;p;2;v
80;m;t;p;k;2;v
80;m;p;p;p;2;v
80;m;k;p;k;2;v
80;m;t;k;t;2;v
81;m;p;k;p;2;v
81;m;k;t;k;2;v
81;m;t;t;t;2;v
81;m;k;k;k;2;v
81;m;p;t;p;2;v
81;m;t;p;t;2;v
81;m;p;p;p;2;v
81;m;k;p;p;2;v
81;m;t;k;t;2;v
82;m;p;k;k;2;v
82;m;k;t;k;2;v
82;m;t;t;t;2;v
82;m;k;k;k;2;v
82;m;p;t;t;2;v
82;m;t;p;k;2;v
82;m;p;p;p;2;v
82;m;k;p;p;2;v
82;m;t;k;t;2;v
83;f;p;k;p;2;v
83;f;k;t;k;2;v
83;f;t;t;t;2;v
83;f;k;k;k;2;v
83;f;p;t;p;2;v
83;f;t;p;k;2;v
83;f;p;p;p;2;v
83;f;k;p;k;2;v
83;f;t;k;t;2;v
84;f;p;k;p;2;v
84;f;k;t;k;2;v
84;f;t;t;t;2;v
84;f;k;k;k;2;v
84;f;p;t;p;2;v
84;f;t;p;k;2;v
84;f;p;p;p;2;v
84;f;k;p;k;2;v
84;f;t;k;t;2;v
85;f;p;k;p;2;v
85;f;k;t;t;2;v
85;f;t;t;t;2;v
85;f;k;k;k;2;v
85;f;p;t;p;2;v
85;f;t;p;t;2;v
85;f;p;p;p;2;v
85;f;k;p;k;2;v
85;f;t;k;t;2;v
86;f;p;k;p;2;v
86;f;k;t;k;2;v
86;f;t;t;t;2;v
86;f;k;k;k;2;v
86;f;p;t;p;2;v
86;f;t;p;t;2;v
86;f;p;p;p;2;v
86;f;k;p;k;2;v
86;f;t;k;t;2;v
87;f;p;k;p;2;v
87;f;k;t;k;2;v
87;f;t;t;t;2;v
87;f;k;k;k;2;v
87;f;p;t;p;2;v
87;f;t;p;t;2;v
87;f;p;p;p;2;v
87;f;k;p;k;2;v
87;f;t;k;t;2;v
88;f;p;k;p;2;v
88;f;k;t;k;2;v
88;f;t;t;t;2;v
88;f;k;k;k;2;v
88;f;p;t;t;2;v
88;f;t;p;k;2;v
88;f;p;p;p;2;v
88;f;k;p;k;2;v
88;f;t;k;t;2;v
89;f;p;k;p;2;v
89;f;k;t;k;2;v
89;f;t;t;t;2;v
89;f;k;k;k;2;v
89;f;p;t;p;2;v
89;f;t;p;t;2;v
89;f;p;p;p;2;v
89;f;k;p;k;2;v
89;f;t;k;t;2;v
90;f;p;k;p;2;v
90;f;k;t;k;2;v
90;f;t;t;t;2;v
90;f;k;k;t;2;v
90;f;p;t;p;2;v
90;f;t;p;t;2;v
90;f;p;p;p;2;v
90;f;k;p;k;2;v
90;f;t;k;t;2;v
91;f;p;k;p;2;a
91;f;k;t;k;2;a
91;f;t;t;t;2;a
91;f;k;k;k;2;a
91;f;p;t;p;2;a
91;f;t;p;k;2;a
91;f;p;p;p;2;a
91;f;k;p;k;2;a
91;f;t;k;t;2;a
92;f;p;k;p;2;a
92;f;k;t;k;2;a
92;f;t;t;t;2;a
92;f;k;k;k;2;a
92;f;p;t;p;2;a
92;f;t;p;k;2;a
92;f;p;p;p;2;a
92;f;k;p;k;2;a
92;f;t;k;t;2;a
93;f;p;k;p;2;a
93;f;k;t;k;2;a
93;f;t;t;t;2;a
93;f;k;k;k;2;a
93;f;p;t;p;2;a
93;f;t;p;t;2;a
93;f;p;p;p;2;a
93;f;k;p;k;2;a
93;f;t;k;t;2;a
94;f;p;k;p;2;a
94;f;k;t;k;2;a
94;f;t;t;t;2;a
94;f;k;k;k;2;a
94;f;p;t;p;2;a
94;f;t;p;k;2;a
94;f;p;p;p;2;a
94;f;k;p;k;2;a
94;f;t;k;t;2;a
95;f;p;k;p;2;a
95;f;k;t;k;2;a
95;f;t;t;t;2;a
95;f;k;k;k;2;a
95;f;p;t;p;2;a
95;f;t;p;k;2;a
95;f;p;p;p;2;a
95;f;k;p;t;2;a
95;f;t;k;t;2;a
96;m;p;k;p;2;a
96;m;k;t;k;2;a
96;m;t;t;t;2;a
96;m;k;k;k;2;a
96;m;p;t;p;2;a
96;m;t;p;k;2;a
96;m;p;p;p;2;a
96;m;k;p;k;2;a
96;m;t;k;t;2;a
97;m;p;k;p;2;a
97;m;k;t;k;2;a
97;m;t;t;t;2;a
97;m;k;k;k;2;a
97;m;p;t;p;2;a
97;m;t;p;t;2;a
97;m;p;p;p;2;a
97;m;k;p;k;2;a
97;m;t;k;t;2;a
98;m;p;k;p;2;a
98;m;k;t;k;2;a
98;m;t;t;t;2;a
98;m;k;k;k;2;a
98;m;p;t;p;2;a
98;m;t;p;k;2;a
98;m;p;p;p;2;a
98;m;k;p;k;2;a
98;m;t;k;t;2;a
99;m;p;k;p;2;a
99;m;k;t;k;2;a
99;m;t;t;t;2;a
99;m;k;k;k;2;a
99;m;p;t;p;2;a
99;m;t;p;t;2;a
99;m;p;p;p;2;a
99;m;k;p;k;2;a
99;m;t;k;t;2;a
100;m;p;k;p;2;a
100;m;k;t;k;2;a
100;m;t;t;t;2;a
100;m;k;k;k;2;a
100;m;p;t;p;2;a
100;m;t;p;k;2;a
100;m;p;p;p;2;a
100;m;k;p;k;2;a
100;m;t;k;t;2;a
101;m;p;k;p;3;v
101;m;k;t;k;3;v
101;m;t;t;t;3;v
101;m;k;k;k;3;v
101;m;p;t;p;3;v
101;m;t;p;p;3;v
101;m;p;p;p;3;v
101;m;k;p;k;3;v
101;m;t;k;t;3;v
102;f;p;k;p;3;v
102;f;k;t;k;3;v
102;f;t;t;t;3;v
102;f;k;k;k;3;v
102;f;p;t;p;3;v
102;f;t;p;k;3;v
102;f;p;p;p;3;v
102;f;k;p;p;3;v
102;f;t;k;t;3;v
103;f;p;k;p;3;v
103;f;k;t;k;3;v
103;f;t;t;t;3;v
103;f;k;k;k;3;v
103;f;p;t;p;3;v
103;f;t;p;k;3;v
103;f;p;p;p;3;v
103;f;k;p;k;3;v
103;f;t;k;t;3;v
104;f;p;k;p;3;v
104;f;k;t;t;3;v
104;f;t;t;t;3;v
104;f;k;k;k;3;v
104;f;p;t;p;3;v
104;f;t;p;k;3;v
104;f;p;p;p;3;v
104;f;k;p;k;3;v
104;f;t;k;t;3;v
105;f;p;k;p;3;v
105;f;k;t;k;3;v
105;f;t;t;t;3;v
105;f;k;k;k;3;v
105;f;p;t;p;3;v
105;f;t;p;k;3;v
105;f;p;p;p;3;v
105;f;k;p;k;3;v
105;f;t;k;t;3;v
106;f;p;k;p;3;v
106;f;k;t;t;3;v
106;f;t;t;t;3;v
106;f;k;k;k;3;v
106;f;p;t;t;3;v
106;f;t;p;k;3;v
106;f;p;p;p;3;v
106;f;k;p;k;3;v
106;f;t;k;k;3;v
107;m;p;k;p;3;v
107;m;k;t;k;3;v
107;m;t;t;t;3;v
107;m;k;k;k;3;v
107;m;p;t;k;3;v
107;m;t;p;k;3;v
107;m;p;p;p;3;v
107;m;k;p;k;3;v
107;m;t;k;t;3;v
108;m;p;k;p;3;v
108;m;k;t;k;3;v
108;m;t;t;t;3;v
108;m;k;k;k;3;v
108;m;p;t;p;3;v
108;m;t;p;t;3;v
108;m;p;p;p;3;v
108;m;k;p;k;3;v
108;m;t;k;t;3;v
109;m;p;k;p;3;v
109;m;k;t;k;3;v
109;m;t;t;t;3;v
109;m;k;k;k;3;v
109;m;p;t;p;3;v
109;m;t;p;-;3;v
109;m;p;p;p;3;v
109;m;k;p;k;3;v
109;m;t;k;t;3;v
110;f;p;k;p;3;v
110;f;k;t;k;3;v
110;f;t;t;t;3;v
110;f;k;k;k;3;v
110;f;p;t;p;3;v
110;f;t;p;t;3;v
110;f;p;p;p;3;v
110;f;k;p;k;3;v
110;f;t;k;t;3;v
111;f;p;k;p;3;v
111;f;k;t;k;3;v
111;f;t;t;t;3;v
111;f;k;k;k;3;v
111;f;p;t;p;3;v
111;f;t;p;p;3;v
111;f;p;p;p;3;v
111;f;k;p;k;3;v
111;f;t;k;t;3;v
112;m;p;k;p;3;v
112;m;k;t;k;3;v
112;m;t;t;t;3;v
112;m;k;k;k;3;v
112;m;p;t;p;3;v
112;m;t;p;t;3;v
112;m;p;p;p;3;v
112;m;k;p;k;3;v
112;m;t;k;t;3;v
113;m;p;k;p;3;v
113;m;k;t;k;3;v
113;m;t;t;t;3;v
113;m;k;k;k;3;v
113;m;p;t;p;3;v
113;m;t;p;k;3;v
113;m;p;p;p;3;v
113;m;k;p;k;3;v
113;m;t;k;t;3;v
114;m;p;k;p;3;v
114;m;k;t;k;3;v
114;m;t;t;t;3;v
114;m;k;k;k;3;v
114;m;p;t;p;3;v
114;m;t;p;k;3;v
114;m;p;p;p;3;v
114;m;k;p;k;3;v
114;m;t;k;t;3;v
115;m;p;k;p;3;v
115;m;k;t;k;3;v
115;m;t;t;t;3;v
115;m;k;k;p;3;v
115;m;p;t;p;3;v
115;m;t;p;t;3;v
115;m;p;p;p;3;v
115;m;k;p;k;3;v
115;m;t;k;t;3;v
116;f;p;k;p;3;v
116;f;k;t;k;3;v
116;f;t;t;t;3;v
116;f;k;k;k;3;v
116;f;p;t;p;3;v
116;f;t;p;k;3;v
116;f;p;p;p;3;v
116;f;k;p;k;3;v
116;f;t;k;t;3;v
117;f;p;k;p;3;v
117;f;k;t;k;3;v
117;f;t;t;t;3;v
117;f;k;k;k;3;v
117;f;p;t;t;3;v
117;f;t;p;k;3;v
117;f;p;p;p;3;v
117;f;k;p;k;3;v
117;f;t;k;t;3;v
118;f;p;k;p;3;v
118;f;k;t;k;3;v
118;f;t;t;t;3;v
118;f;k;k;k;3;v
118;f;p;t;p;3;v
118;f;t;p;k;3;v
118;f;p;p;p;3;v
118;f;k;p;p;3;v
118;f;t;k;t;3;v
119;f;p;k;p;3;v
119;f;k;t;k;3;v
119;f;t;t;t;3;v
119;f;k;k;k;3;v
119;f;p;t;p;3;v
119;f;t;p;t;3;v
119;f;p;p;p;3;v
119;f;k;p;k;3;v
119;f;t;k;t;3;v
120;m;p;k;p;3;v
120;m;k;t;k;3;v
120;m;t;t;t;3;v
120;m;k;k;k;3;v
120;m;p;t;p;3;v
120;m;t;p;t;3;v
120;m;p;p;p;3;v
120;m;k;p;k;3;v
120;m;t;k;t;3;v
121;m;p;k;p;3;v
121;m;k;t;k;3;v
121;m;t;t;t;3;v
121;m;k;k;k;3;v
121;m;p;t;p;3;v
121;m;t;p;k;3;v
121;m;p;p;p;3;v
121;m;k;p;k;3;v
121;m;t;k;t;3;v
122;m;p;k;p;3;v
122;m;k;t;k;3;v
122;m;t;t;t;3;v
122;m;k;k;k;3;v
122;m;p;t;p;3;v
122;m;t;p;k;3;v
122;m;p;p;p;3;v
122;m;k;p;k;3;v
122;m;t;k;t;3;v
123;f;p;k;p;3;v
123;f;k;t;k;3;v
123;f;t;t;t;3;v
123;f;k;k;k;3;v
123;f;p;t;p;3;v
123;f;t;p;k;3;v
123;f;p;p;p;3;v
123;f;k;p;k;3;v
123;f;t;k;t;3;v
124;f;p;k;k;3;v
124;f;k;t;k;3;v
124;f;t;t;t;3;v
124;f;k;k;k;3;v
124;f;p;t;k;3;v
124;f;t;p;k;3;v
124;f;p;p;p;3;v
124;f;k;p;k;3;v
124;f;t;k;t;3;v
125;f;p;k;p;3;v
125;f;k;t;k;3;v
125;f;t;t;t;3;v
125;f;k;k;k;3;v
125;f;p;t;p;3;v
125;f;t;p;t;3;v
125;f;p;p;p;3;v
125;f;k;p;k;3;v
125;f;t;k;t;3;v
126;m;p;k;p;3;v
126;m;k;t;t;3;v
126;m;t;t;t;3;v
126;m;k;k;k;3;v
126;m;p;t;p;3;v
126;m;t;p;t;3;v
126;m;p;p;p;3;v
126;m;k;p;k;3;v
126;m;t;k;t;3;v
127;m;p;k;p;3;v
127;m;k;t;k;3;v
127;m;t;t;t;3;v
127;m;k;k;k;3;v
127;m;p;t;p;3;v
127;m;t;p;t;3;v
127;m;p;p;p;3;v
127;m;k;p;k;3;v
127;m;t;k;t;3;v
128;m;p;k;p;3;v
128;m;k;t;k;3;v
128;m;t;t;t;3;v
128;m;k;k;k;3;v
128;m;p;t;t;3;v
128;m;t;p;t;3;v
128;m;p;p;p;3;v
128;m;k;p;p;3;v
128;m;t;k;t;3;v
129;m;p;k;p;3;v
129;m;k;t;k;3;v
129;m;t;t;t;3;v
129;m;k;k;k;3;v
129;m;p;t;p;3;v
129;m;t;p;k;3;v
129;m;p;p;p;3;v
129;m;k;p;k;3;v
129;m;t;k;t;3;v
130;m;p;k;t;3;v
130;m;k;t;k;3;v
130;m;t;t;t;3;v
130;m;k;k;k;3;v
130;m;p;t;p;3;v
130;m;t;p;t;3;v
130;m;p;p;p;3;v
130;m;k;p;k;3;v
130;m;t;k;t;3;v
131;f;p;k;p;3;v
131;f;k;t;k;3;v
131;f;t;t;t;3;v
131;f;k;k;k;3;v
131;f;p;t;p;3;v
131;f;t;p;t;3;v
131;f;p;p;p;3;v
131;f;k;p;k;3;v
131;f;t;k;t;3;v
132;f;p;k;p;3;v
132;f;k;t;k;3;v
132;f;t;t;t;3;v
132;f;k;k;k;3;v
132;f;p;t;t;3;v
132;f;t;p;p;3;v
132;f;p;p;p;3;v
132;f;k;p;k;3;v
132;f;t;k;t;3;v
133;f;p;k;p;3;v
133;f;k;t;k;3;v
133;f;t;t;t;3;v
133;f;k;k;k;3;v
133;f;p;t;p;3;v
133;f;t;p;k;3;v
133;f;p;p;p;3;v
133;f;k;p;k;3;v
133;f;t;k;t;3;v
134;m;p;k;p;3;v
134;m;k;t;k;3;v
134;m;t;t;t;3;v
134;m;k;k;k;3;v
134;m;p;t;p;3;v
134;m;t;p;t;3;v
134;m;p;p;p;3;v
134;m;k;p;k;3;v
134;m;t;k;t;3;v
135;f;p;k;p;3;v
135;f;k;t;k;3;v
135;f;t;t;t;3;v
135;f;k;k;k;3;v
135;f;p;t;p;3;v
135;f;t;p;k;3;v
135;f;p;p;p;3;v
135;f;k;p;k;3;v
135;f;t;k;t;3;v
136;f;p;k;p;3;v
136;f;k;t;p;3;v
136;f;t;t;t;3;v
136;f;k;k;k;3;v
136;f;p;t;p;3;v
136;f;t;p;k;3;v
136;f;p;p;p;3;v
136;f;k;p;k;3;v
136;f;t;k;t;3;v
137;f;p;k;p;3;v
137;f;k;t;k;3;v
137;f;t;t;t;3;v
137;f;k;k;k;3;v
137;f;p;t;p;3;v
137;f;t;p;p;3;v
137;f;p;p;p;3;v
137;f;k;p;k;3;v
137;f;t;k;t;3;v
138;m;p;k;p;3;v
138;m;k;t;k;3;v
138;m;t;t;t;3;v
138;m;k;k;k;3;v
138;m;p;t;p;3;v
138;m;t;p;t;3;v
138;m;p;p;p;3;v
138;m;k;p;k;3;v
138;m;t;k;t;3;v
139;m;p;k;p;3;v
139;m;k;t;p;3;v
139;m;t;t;t;3;v
139;m;k;k;k;3;v
139;m;p;t;t;3;v
139;m;t;p;k;3;v
139;m;p;p;p;3;v
139;m;k;p;k;3;v
139;m;t;k;t;3;v
140;m;p;k;p;3;v
140;m;k;t;-;3;v
140;m;t;t;t;3;v
140;m;k;k;k;3;v
140;m;p;t;p;3;v
140;m;t;p;-;3;v
140;m;p;p;p;3;v
140;m;k;p;-;3;v
140;m;t;k;t;3;v
141;m;p;k;p;3;a
141;m;k;t;k;3;a
141;m;t;t;t;3;a
141;m;k;k;k;3;a
141;m;p;t;p;3;a
141;m;t;p;t;3;a
141;m;p;p;p;3;a
141;m;k;p;k;3;a
141;m;t;k;t;3;a
142;m;p;k;p;3;a
142;m;k;t;k;3;a
142;m;t;t;t;3;a
142;m;k;k;k;3;a
142;m;p;t;p;3;a
142;m;t;p;t;3;a
142;m;p;p;p;3;a
142;m;k;p;k;3;a
142;m;t;k;t;3;a
143;m;p;k;p;3;a
143;m;k;t;k;3;a
143;m;t;t;t;3;a
143;m;k;k;k;3;a
143;m;p;t;t;3;a
143;m;t;p;k;3;a
143;m;p;p;p;3;a
143;m;k;p;k;3;a
143;m;t;k;t;3;a
144;m;p;k;p;3;a
144;m;k;t;k;3;a
144;m;t;t;t;3;a
144;m;k;k;k;3;a
144;m;p;t;p;3;a
144;m;t;p;k;3;a
144;m;p;p;p;3;a
144;m;k;p;k;3;a
144;m;t;k;t;3;a
145;m;p;k;p;3;a
145;m;k;t;k;3;a
145;m;t;t;t;3;a
145;m;k;k;k;3;a
145;m;p;t;p;3;a
145;m;t;p;t;3;a
145;m;p;p;p;3;a
145;m;k;p;k;3;a
145;m;t;k;t;3;a
146;f;p;k;k;3;a
146;f;k;t;k;3;a
146;f;t;t;t;3;a
146;f;k;k;k;3;a
146;f;p;t;p;3;a
146;f;t;p;t;3;a
146;f;p;p;p;3;a
146;f;k;p;p;3;a
146;f;t;k;t;3;a
147;f;p;k;p;3;a
147;f;k;t;k;3;a
147;f;t;t;t;3;a
147;f;k;k;k;3;a
147;f;p;t;p;3;a
147;f;t;p;t;3;a
147;f;p;p;p;3;a
147;f;k;p;p;3;a
147;f;t;k;t;3;a
148;f;p;k;p;3;a
148;f;k;t;k;3;a
148;f;t;t;t;3;a
148;f;k;k;k;3;a
148;f;p;t;p;3;a
148;f;t;p;k;3;a
148;f;p;p;p;3;a
148;f;k;p;k;3;a
148;f;t;k;t;3;a
149;f;p;k;p;3;a
149;f;k;t;k;3;a
149;f;t;t;t;3;a
149;f;k;k;k;3;a
149;f;p;t;p;3;a
149;f;t;p;k;3;a
149;f;p;p;p;3;a
149;f;k;p;k;3;a
149;f;t;k;t;3;a
150;f;p;k;p;3;a
150;f;k;t;k;3;a
150;f;t;t;t;3;a
150;f;k;k;k;3;a
150;f;p;t;p;3;a
150;f;t;p;t;3;a
150;f;p;p;p;3;a
150;f;k;p;k;3;a
150;f;t;k;t;3;a
